id;Kanji;Strokes;JLPT-test;"Reading within Joyo";"Translation of On"
4;愛;13;3;アイ;"love, affection, favorite"
6;悪;11;4;アク、オ、わる-い;"evil, wrong, vice, wickedness, lawlessness"
12;安;6;4;アン、やす-い;"be rested, feel at ease, be relieved, repose"
14;暗;13;3;アン、くら-い;dark
15;以;5;4;イ;"with, by, by means of; because; in view of"
17;位;7;3;イ、くらい;"rank, place, grade"
19;医;7;4;イ;"medicine, the healing art; doctor"
30;偉;12;3;イ、えら-い;greatness
33;意;13;4;イ;"mind, heart; care; liking, taste; inclination, will, intention; thought, idea; desire"
34;違;13;3;イ、ちが-う、ちが-える;"differ, vary; disagree with; be mistaken; cross or pass (someone); No (negation)"
40;育;8;3;イク、そだ-つ、そだ-てる、はぐく-む;"be raised, be brought up, grow, grow up"
41;一;1;5;イチ、イツ、ひと、ひと-つ;"one, a"
46;引;4;3;イン、ひ-く、ひ-ける;"draw, pull, haul, tug, jerk, drag, trail, bend, attract; lead (horses or captives); draw (lines); admit; install (utilities); quote, refer to; look up (words); subtract, reduce; apply, daub on; blunt (a sword); patronize; choose; draw (a line); catch (a cold); retreat, withdraw, retire; subside"
48;因;6;3;イン、よ-る;"cause, factor"
51;員;10;4;イン;"member; number; the one in charge"
52;院;10;4;イン;"mansion; temple; palace; hospital; school; institution; congress; ex-emperor"
55;飲;12;4;イン、の-む;"drinking; feast"
58;右;5;5;ウ、ユウ、みぎ;"right, right hand"
61;雨;8;5;ウ、あめ、[あま];"rain, fainfall"
66;運;12;4;ウン、はこ-ぶ;"destiny, fate, lot, fortune, luck"
69;泳;8;3;エイ、およ-ぐ;"swim; totter; keep afloat, get along"
70;英;8;4;エイ;"England, Britain; gifted person; wit"
71;映;9;4;エイ、うつ-る、うつ-す、は-える;"reflecting; projection"
78;易;8;3;エキ、イ、やさ-しい;"easiness; divination, augury, fortunetelling"
82;駅;14;4;エキ;"post town; stage; station"
84;越;12;3;エツ、こ-す、こ-える;"cross; pass; spend; tide over; outrun; exceed; surpass; move; go; come"
87;円;4;5;エン、まる-い;"circle; yen"
95;園;13;3;エン、その;"garden, yard, plantation, farm"
96;煙;13;3;エン、けむ-る、けむり、けむ-い;smoke
98;遠;13;3;エン、[オン]、とお-い;"far, distant, remote; hard (of hearing)"
101;演;14;3;エン;"perform, play, act, enact, render, stage, put on"
105;王;4;3;オウ;"king, rule, magnate, baron"
110;押;8;3;オウ、お-す、お-さえる;"push, shove; press, squash, compress; stamp, seal; do in spite of"
117;横;15;3;オウ、よこ;horizontal
119;屋;9;4;オク、や;"house, roof"
127;音;9;4;オン、イン、おと、ね;"sound; noise; pronunciation; tone"
131;下;3;5;カ、ゲ、した、しも、もと、さ-げる、さ-がる、くだ-る、くだ-す、くだ-さる、お-ろす、お-りる;"low class; inferiority; second, or last volume"
132;化;4;3;カ、ケ、ば-ける、ば-かす;"influence; bewitch, enchant, confuse, delude"
133;火;4;5;カ、ひ、[ほ];"fire, Tuesday"
134;加;5;3;カ、くわ-える、くわ-わる;"addition, increase"
135;可;5;3;カ;"good, passable; approval; safe to say, ability to do"
137;何;7;5;カ、なに、[なん];what
138;花;7;4;カ、はな;flower
141;果;8;3;カ、は-たす、は-てる、は-て;"fruit, reward"
144;科;9;3;カ;"course, branch, department, faculty, school, college; arm (of defense); family (in biology)"
146;夏;10;4;カ、[ゲ]、なつ;summer
147;家;10;4;カ、ケ、いえ、や;house
153;過;12;3;カ、す-ぎる、す-ごす、あやま-つ、あやま-ち;"excess; error"
157;靴;13;3;カ、くつ;shoes
159;歌;14;4;カ、うた、うた-う;"sing, recite, chant, carol"
167;画;8;4;ガ、カク;"picture, drawing, painting, sketch; stroke (in a character)"
173;回;6;3;カイ、[エ]、まわ-る、まわ-す;"time; round, game, bout, heat, inning, innings; go around"
175;会;6;4;カイ、エ、あ-う;"Buddhist ceremony; understanding; meeting, assembly; party; association, club"
182;海;9;4;カイ、うみ;"sea, ocean"
183;界;9;4;カイ;"circle, world, boundary, limits"
184;皆;9;3;カイ、みな;"all, everybody, everything"
186;絵;12;3;カイ、エ;"picture, drawing, painting, sketch, illustration, cut, print"
187;開;12;4;カイ、ひら-く、ひら-ける、あ-く、あ-ける;opening
191;解;13;3;カイ、ゲ、と-く、と-かす、と-ける;"explanation, notes; key; excuse; understanding"
197;外;5;5;ガイ、ゲ、そと、ほか、はず-す、はず-れる;"outside, without, beside, beyond the scope off"
199;害;10;3;ガイ;"injury, harm, damage, mischief, interference"
214;格;10;3;カク、[コウ];"status, rank; capacity, character; standard; a rule; a case (in law); case (in grammer)"
218;覚;12;3;カク、おぼ-える、さ-ます、さ-める;"remember, memorize; learn, perceive; feel, experience, know; expect"
222;確;15;3;カク、たし-か、たし-かめる;"firm, tight, hard, solid"
226;学;8;5;ガク、まな-ぶ;"learning, study, science, scholarship, erudition"
228;楽;13;4;ガク、ラク、たの-しい、たの-しむ;"music; comfort, ease, relief; pleasure; concluding program"
231;掛;11;3;か-ける、か-かる、かかり;-
234;活;9;3;カツ;"living; being helped; resuscitation"
237;割;12;3;カツ、わ-る、わり、わ-れる、さ-く;"divide, cut, halve; separate; split, rip; break, crack, smash; dilute"
252;完;7;3;カン;"comletion, end"
254;官;8;3;カン;"the Government, the authorities; the Court"
263;寒;12;3;カン、さむ-い;"midwinter, coldest season"
270;間;12;5;カン、ケン、あいだ、ま;"interval; space; between; among; discord; favorable opportunity; six feet"
275;感;13;3;カン;"feeling, sensation, sentiment; sense; emotion; impression; intuition"
276;漢;13;4;カン;"Han (Dynasty); (old name for China), masculine suffix"
277;慣;14;3;カン、な-れる、な-らす;"experience; become a habit"
279;関;14;3;カン、せき、かか-わる;"barrier, gateway"
285;館;16;4;カン、やかた;"mansion, large building, hall"
288;観;18;3;カン;"look, appearance; spectacle; condition; view, outlook"
299;顔;18;3;ガン、かお;"face, countenance"
300;願;19;3;ガン、ねが-う;"prayer, petition, vow"
303;危;6;3;キ、あぶ-ない、あや-うい、あや-ぶむ;"be afraid of, feel uneasy about, shrink from"
305;気;6;5;キ、ケ;"spirit, mind, soul, heart; intention; bent, interest; mood, feeling; temper, disposition, nature; care, attention; air, atmosphere; flavor; odor; energy, essence; indications, symptoms; taste; touch, dash, shade, trace; spark, flash; suspicion"
316;記;10;3;キ、しる-す;"account, narrative, history, annals; remembering; writing; the Kojiki"
317;起;10;4;キ、お-きる、お-こる、お-こす;"get up, rise, awake; occur; (a fire) is kindled "
320;帰;10;4;キ、かえ-る、かえ-す;"return; take one's leave; come again; come around (time)"
322;寄;11;3;キ、よ-る、よ-せる;"let approach, bring near; gather, collect, summon, muster; add up; push aside; attack; send a letter; contribute to; become dependent on, take refuge with"
323;規;11;3;キ;"standard; measure"
325;喜;12;3;キ、よろこ-ぶ;"rejoice, be glad, be pleased"
326;幾;12;3;キ、いく;"how many, how much; how far, how long; so much per; however(difficult)"
328;期;12;3;キ、[ゴ];"time, date, period, term; an age; season; session; a stage;  opportunity"
337;機;16;3;キ、はた;"opportunity; occasion, time; machine, airplane"
344;疑;14;3;ギ、うたが-う;"doubt; distrust; be suspicious of"
349;議;20;3;ギ;"consultation, deliberation, debate; consideration, proposal, suggestion"
355;客;9;3;キャク、カク;"visitor; guest, customer, client; passenger"
359;九;2;5;キュウ、ク、ここの、ここの-つ;nine
365;休;6;5;キュウ、やす-む、やす-まる、やす-める;"rest; take a day off; be absent; retire, sleep"
366;吸;6;3;キュウ、す-う;"inhale; imbibe, sip; suck, suck out"
369;求;7;3;キュウ、もと-める;"want, wish for, request, demand; seek, search for; pursue (pleasure); hunt (a job); buy"
370;究;7;4;キュウ、きわ-める;"investigate thoroly, master; carry to extremes"
372;急;9;4;キュウ、いそ-ぐ;"emergency; suddenness; danger; haste; steep"
377;球;11;3;キュウ、たま;"globe, sphere, ball; bulb; (radio) tube"
378;給;12;3;キュウ;"wage; gift; wage grade"
381;牛;4;4;ギュウ、うし;"beef, cow"
382;去;5;4;キョ、コ、さ-る;"leave, move away, quit; pass, elapse, be gone, be over; be distant from; remove, eliminate, get rid of; divorce"
384;居;8;3;キョ、い-る;residence
389;許;11;3;キョ、ゆる-す;"permit, approve; authorize; acknowledge; confide in; forgive, pardon; release, acquit; overlook "
391;魚;11;4;ギョ、うお、さかな;fish
392;御;12;3;ギョ、ゴ、おん;"imperial honorary prefix; honorific prefix"
395;共;6;3;キョウ、とも;"both; neither (with neg.); all; and, as well as; including; with, together with; plural ending"
398;京;8;4;キョウ、ケイ;"ten quadrillion; captital, metropolis; Kyoto"
400;供;8;3;キョウ、[ク]、そな-える、とも;"offer, present, submit; serve (a meal); supply"
406;恐;10;3;キョウ、おそ-れる、おそ-ろしい;"fear, dread, be afraid; be overawed; be apprehensive"
410;強;11;4;キョウ、ゴウ、つよ-い、つよ-まる、つよ-める、し-いる;"strength, might; strong person"
411;教;11;4;キョウ、おし-える、おそ-わる;faith
422;業;13;4;ギョウ、ゴウ、わざ;"vocation, occupation, business, trade, profession; industry; undertaking; studies; arts; conduct, act; service; achievement"
424;曲;6;3;キョク、ま-がる、ま-げる;"music, tone, melody, composition; fault"
425;局;7;3;キョク;"bureau, board, office; central; post office; affair; duty; situation; conclusion"
431;近;7;4;キン、ちか-い;"early, immediate; near, short (road), close by; akin to; nearby, bordering on, verge of, tantamount to; intimate, friendly"
432;金;8;5;キン、コン、かね、[かな];"gold; money; Friday"
434;勤;12;3;キン、[ゴン]、つと-める、つと-まる;"be fit for, be equal to, function properly"
444;銀;14;4;ギン;silver
447;苦;8;3;ク、くる-しい、くる-しむ、くる-しめる、にが-い、にが-る;"suffering, trial, worry, trouble, hardship, difficulty, toil"
449;具;8;3;グ;"tool; vessel; means; ingredients (in a dish); counter for armor, suits, sets of furniture"
452;空;8;4;クウ、そら、あ-く、あ-ける、から;"air, sky; emptiness; vanity, unreality; hollow; void"
453;偶;11;3;グウ;"even number; couple, man and wife; friend; same kind; doll"
462;君;7;3;クン、きみ;"mister (familiar)"
469;兄;5;4;ケイ、[キョウ]、あに;"brother; you; elder brother"
471;形;7;3;ケイ、ギョウ、かた、かたち;shape
475;係;9;3;ケイ、かか-る、かかり;"duty; person in charge"
478;計;9;4;ケイ、はか-る、はか-らう;"plan, scheme, trick; total; meter, gauge "
483;経;11;3;ケイ、キョウ、へ-る;"longitude; sutra; warp"
486;景;12;3;ケイ;"view, scene"
496;警;19;3;ケイ;"admonish, warn, prohibit"
499;迎;7;3;ゲイ、むか-える;"meet, greet, welcome; invite, engage"
506;欠;4;3;ケツ、か-ける、か-く;"lack, gap"
509;決;7;3;ケツ、き-める、き-まる;"decision, vote"
513;月;4;5;ゲツ、ガツ、つき;"moon; month; Monday; month (of the year)"
514;犬;4;4;ケン、いぬ;dog
515;件;6;3;ケン;"matter, case, item"
516;見;7;5;ケン、み-る、み-える、み-せる;"hopes, chances; ideas, opinion"
519;建;9;4;ケン、[コン]、た-てる、た-つ;"build, raise"
520;研;9;4;ケン、と-ぐ;"sharpen, grind, scour, hone, polish; wash (rice)"
528;険;11;3;ケン、けわ-しい;"inaccessible place, impregnable pass, strategic position; steep place; sharp (eyes); sinister (look)"
536;権;15;3;ケン、[ゴン];"authority, power, rights, concession"
543;験;18;4;ケン、[ゲン];"effect; testing. beneficial effect (of austerities)"
545;元;4;4;ゲン、ガン、もと;"yuan; origin; New Year’s Day; first year of an era. Gen Mongol (dynasty)"
548;言;7;4;ゲン、ゴン、い-う、こと;"word; phrase; speech; statement"
550;限;9;3;ゲン、かぎ-る;"limit, restrict, confine"
551;原;10;3;ゲン、はら;"original, primitive"
552;現;11;3;ゲン、あらわ-れる、あらわ-す;"present, exciting, actual"
559;古;5;4;コ、ふる-い、ふる-す;old
560;呼;8;3;コ、よ-ぶ;"call, call out to; invoke; summon; invite; attract; send for; name, designate; bring about"
576;五;4;5;ゴ、いつ、いつ-つ;five
577;互;4;3;ゴ、たが-い;"mutually, reciprocally, together"
578;午;4;5;ゴ;"11 a.m.-1 p.m.; 7th zodiac sign"
580;後;9;5;ゴ、コウ、のち、うし-ろ、あと、おく-れる;"back, rear, behind"
584;語;14;5;ゴ、かた-る、かた-らう;"word, speech, language, term"
585;誤;14;3;ゴ、あやま-る;"err, be mistaken; do wrong, mislead"
587;口;3;4;コウ、ク、くち;mouth
588;工;3;4;コウ、ク;"artisan, mechanic; manufacture; work"
589;公;4;4;コウ、おおやけ;"public, duke, lord; public"
594;広;5;4;コウ、ひろ-い、ひろ-まる、ひろ-める、ひろ-がる、ひろ-げる;"spread out, extend, reach to"
596;交;6;3;コウ、まじ-わる、まじ-える、ま-じる、ま-ざる、ま-ぜる、か-う、か-わす;"coming and going, association; change of seasons"
597;光;6;3;コウ、ひか-る、ひかり;light
598;向;6;3;コウ、む-く、む-ける、む-かう、む-こう;"face, confront; oppose, defy; proceed to; get, tend toward; approach"
600;好;6;3;コウ、この-む、す-く;"like, be fond of"
602;考;6;4;コウ、かんが-える;"thought, consideration; research, treatise "
603;行;6;5;コウ、ギョウ、[アン]、い-く、ゆ-く、おこな-う;"party, suite; journey; expedition; line, row. religious austerities. "
608;更;7;3;コウ、さら、ふ-ける、ふ-かす;"a watch of the night"
610;幸;8;3;コウ、さいわ-い、さち、しあわ-せ;"happiness, fortune"
622;候;10;3;コウ、そうろう;"season, weather"
623;校;10;5;コウ;"school; (printing) proof; comparison; correction; investigation"
627;降;10;3;コウ、お-りる、お-ろす、ふ-る;"going down; surrender"
628;高;10;5;コウ、たか-い、たか、たか-まる、たか-める;high
635;港;12;3;コウ、みなと;"port, harbor"
641;構;14;3;コウ、かま-える、かま-う;"build; keep house; take a posture; assume an attitude; pose as; be ready for; feign, pretend; set up (camp) "
651;号;5;3;ゴウ;"number; item, title, pseudonym; Buddhist name "
652;合;6;3;ゴウ、ガッ、[カッ]、あ-う、あ-わす、あ-わせる;one-tenth
658;告;7;3;コク、つ-げる;"tell, inform, announce, proclaim; bid, order "
660;刻;8;3;コク、きざ-む;"time; carving, engraving, cutting "
661;国;8;5;コク、くに;country
662;黒;11;4;コク、くろ、くろ-い;"black; dark"
668;込;5;3;こ-む、こ-める;-
670;今;4;5;コン、キン、いま;"now, the present; the coming; this "
671;困;7;3;コン、こま-る;"be distressed be in trouble, be destitute, be embarrassed, be perplexed, be annoyed "
675;婚;11;3;コン;marriage
682;左;5;5;サ、ひだり;"left; the following"
688;差;10;3;サ、さ-す;"difference, variation; discrepancy; margin; balance; remainder (in subtraction) "
691;座;10;3;ザ、すわ-る;"seat, cushion; throne; a gathering; stand, pedestal, platform; (metal) washer; theater; troupe; constellation "
693;才;3;3;サイ;"ability, talent, aptitude, genius, acumen, intelligence, wit; cubic foot; year, age; time; occasion; opportunity; limit; vicinity "
696;妻;8;3;サイ、つま;"(my) wife"
703;済;11;3;サイ、す-む、す-ます;"end; do without; avoid; be excusable; need not"
708;最;12;3;サイ、もっと-も;most
713;歳;13;3;サイ、[セイ];"year, age; time; occasion; opportunity; limit; vicinity "
715;際;14;3;サイ、きわ;"time, occasion; when "
717;在;6;3;ザイ、あ-る;"outskirts, suburbs, country "
720;財;10;3;ザイ、[サイ];"money, wealth, assets; property"
721;罪;13;3;ザイ、つみ;"sin, crime, offense, guilt, blame, fault, misconduct "
723;作;7;4;サク、サ、つく-る;"a work, a production; tillage; harvest; ridge (in a field) "
725;昨;9;3;サク;"the past; yesterday, last (year)"
738;殺;10;3;サツ、[サイ]、[セツ]、ころ-す;"kill, murder, butcher; waste (money); suppress (anger); hold (breath); put off, strike out "
739;察;14;3;サツ;"presume, surmise; judge; realize, understand; imaging, suppose; sympathize with "
742;雑;14;3;ザツ、ゾウ;"miscellany; miscellaneous"
744;三;3;5;サン、み、み-つ、みっ-つ;three
745;山;3;5;サン、やま;"mount, mountain"
746;参;8;3;サン、まい-る;"three; going; coming; visiting"
750;産;11;3;サン、う-む、う-まれる、うぶ;"childbirth; product; native (of a place); fortune, property "
752;散;12;3;サン、ち-る、ち-らす、ち-らかす、ち-らかる;"scatter, disperse; spend, squander; dispel, dissipate, chase away "
755;賛;15;3;サン;"praise; title or brief inscription on picture; agreement"
756;残;10;3;ザン、のこ-る、のこ-す;"remainder; balance"
760;子;3;5;シ、ス、こ;"viscount, master; child; male; fruit; seed. offspring; the young (of animals) "
761;支;4;3;シ、ささ-える;branch
762;止;4;4;シ、と-まる、と-める;"stop, halt, stand still, pull up; cease, be interrupted, be discontinued; be choked; alight on, perch, roost; be held in position"
764;仕;5;4;シ、[ジ]、つか-える;"official; civil service"
767;四;5;5;シ、よ、よ-つ、よっ-つ、よん;four
768;市;5;3;シ、いち;"city, town; market"
771;死;6;4;シ、し-ぬ;death
776;私;7;4;シ、わたくし、わたし;"I; private affairs"
777;使;8;4;シ、つか-う;"use; messenger"
779;始;8;4;シ、はじ-める、はじ-まる;beginning
780;姉;8;4;シ、あね;"elder sister"
785;思;9;4;シ、おも-う;"think, believe, judge, esteem; consider, realize; feel like; regard as; anticipate; imagine, suppose, guess; mistake for; recall; intend; desire; love, care for, yearn after; wonder; suspect "
786;指;9;3;シ、ゆび、さ-す;finger
788;師;10;3;シ;"teacher, master; exemplary person; army; war"
790;紙;10;4;シ、かみ;paper
795;歯;12;3;シ、は;"tooth; age"
797;試;13;4;シ、こころ-みる、ため-す;testing
799;資;13;3;シ;"resources, capital, funds; materials; data; quality, disposition; help "
806;示;5;3;ジ、シ、しめ-す;indication
807;字;6;4;ジ、あざ;"character, letter, word, handwriting"
809;次;6;3;ジ、シ、つ-ぐ、つぎ;"order, sequence; times; next; below "
810;耳;6;3;ジ、みみ;ear
811;自;6;4;ジ、シ、みずか-ら;oneself
812;似;7;3;ジ、に-る;resemble
814;事;8;4;ジ、[ズ]、こと;"thing, matter"
816;治;8;3;ジ、チ、おさ-める、おさ-まる、なお-る、なお-す;"peace; government. cure, heal; rule; conserve (resources). govern, manage, regulate; quell, subdue; patch up; heal"
817;持;9;4;ジ、も-つ;"hold, entertain, maintain, observe (principles)"
818;時;10;5;ジ、とき;"hour, o'clock, time; Buddhist sect originating in the thirteenth century "
821;辞;13;3;ジ、や-める;"word, term, expression; sentence; an address"
826;式;6;3;シキ;"ceremony, rite, function; method, system; style, form, type, plan; formula, expression (in math); model; law; standard "
827;識;19;3;シキ;"know, discriminate, write"
829;七;2;5;シチ、なな、なな-つ、[なの];seven
831;失;5;3;シツ、うしな-う;"error; fault; disadvantage; loss; demerit"
832;室;9;4;シツ、むろ;"room, apartment, compartment, chamber"
838;質;15;4;シツ、シチ、[チ];"substance, matter, quality, temperament. hostage, pawn, pledge, hock "
839;実;8;3;ジツ、み、みの-る;"truth, reality; sincerity, fidelity; kindness; faith; substance, essence "
841;写;5;4;シャ、うつ-す、うつ-る;"be photographed; be projected (on a screen); (light or shadows) fall on"
842;社;7;4;シャ、やしろ;"Shinto shrine; association; firm, company, office "
843;車;7;5;シャ、くるま;"vehicle, a vehicle load"
845;者;8;4;シャ、もの;"person; thing"
856;借;10;4;シャク、か-りる;borrowing
860;若;8;3;ジャク、[ニャク]、わか-い、も-しくは;if
863;手;4;4;シュ、て、[た];"hand, arm; help; handwriting; handle, means; trick, snare; skill; kind; direction, side; trouble, care; control, management; possession; connection; injury"
864;主;5;4;シュ、[ス]、ぬし、おも;"Lord; lord, master, employer; aim; main thing "
865;守;6;3;シュ、[ス]、まも-る、も-り;"defend, protect; keep, observe, obey; abide by; stick to; be true to "
867;取;8;3;シュ、と-る;"take, hold, seize, catch, capture; fetch; receive, procure, obtain; adopt (a measure); engage (graduates); choose; order (foodstuffs); pick, pluck; make, produce; eat; set up (camp); charge; administer; transact; take (pains); make out (the meaning); remove; take off (one's hat); take out (spots); strike out (words); weed, catch (fish); deprive of; steal; capture (territory), annex; need, require; reserve (rooms); subscribe to; press (a point home); take (a picture); possess"
869;首;9;3;シュ、くび;"head; neck; beginning, the first; poem and song counter"
872;酒;10;3;シュ、さけ、[さか];"sake, rice wine, alcoholic liquor"
874;種;14;3;シュ、たね;"kind, class, variety; seed; species"
877;受;8;3;ジュ、う-ける、う-かる;receive
883;収;4;3;シュウ、おさ-める、おさ-まる;income
891;秋;9;4;シュウ、あき;autumn
895;終;11;4;シュウ、お-わる、お-える;end
897;習;11;4;シュウ、なら-う;"learn, be taught, take lessons, practice"
898;週;11;4;シュウ;week
901;集;12;4;シュウ、あつ-まる、あつ-める、つど-う;"collection, gathering"
907;十;2;5;ジュウ、ジッ、とお、と;ten
910;住;7;4;ジュウ、す-む、す-まう;"dwelling, living"
912;重;9;4;ジュウ、チョウ、え、おも-い、かさ-ねる、かさ-なる;"nest of boxes"
920;宿;11;3;シュク、やど、やど-る、やど-す;"lodging, inn, post town, relay station, stage "
926;出;5;5;シュツ、[スイ]、で-る、だ-す;"born of; appearing from; going out; sending out"
928;術;11;3;ジュツ;"art, technique, skill; means; artifice, trick, stratagem; resources; magic, conjury "
930;春;9;4;シュン、はる;spring
943;処;5;3;ショ;"manage, deal with; sentence, condemn; act, behave; conduct oneself (well) "
944;初;7;3;ショ、はじ-め、はじ-めて、はつ、うい、そ-める;"beginning, first"
945;所;8;3;ショ、ところ;place
946;書;10;5;ショ、か-く;"handwriting; letter, note; book"
950;緒;14;3;ショ、[チョ]、お;"beginning, inception; end"
952;女;3;5;ジョ、ニョ、[ニョウ]、おんな、め;"woman, girl, daughter"
954;助;7;3;ジョ、たす-ける、たす-かる、すけ;"help, rescue"
958;除;10;3;ジョ、[ジ]、のぞ-く;"division (in math)"
959;小;3;5;ショウ、ちい-さい、こ、お;"smallness; minor; small. humility prefix, small "
961;少;4;4;ショウ、すく-ない、すこ-し;"few; small; young"
968;招;8;3;ショウ、まね-く;"beckon to, invite, summon; engage (someone), call (a doctor); incur, cause"
976;消;10;3;ショウ、き-える、け-す;"extinguish, blow out; turn off, erase, cross out; neutralize (odors or poisons); deaden (noise); cancel (in fractions) "
980;笑;10;3;ショウ、わら-う、え-む;laughter
982;商;11;3;ショウ、あきな-う;"trade, merchant, quotient"
987;勝;12;3;ショウ、か-つ、まさ-る;"victory, beauty spot"
1009;上;3;5;ジョウ、[ショウ]、うえ、[うわ]、かみ、あ-げる、あ-がる、のぼ-る、のぼ-せる、のぼ-す;"top; best; first volume. upper part; government. aboard a ship or vehicle; from the standpoint of; as a matter of (fact). governmental; imperial; best; high class; going up; presenting; showing"
1013;状;7;3;ジョウ;"condition, circumstances; form, appearances; letter"
1014;乗;9;3;ジョウ、の-る、の-せる;"power (in math); multiplication; record; vehicle; vehicle counter"
1018;常;11;3;ジョウ、つね、とこ;"normal conditions, regular course of events; one's habit"
1019;情;11;3;ジョウ、[セイ]、なさ-け;"feeling, emotion; passion; affection; heart; human nature; sympathy; sincerity; circumstances, facts; obstinacy"
1020;場;12;4;ジョウ、ば;"place, grounds, links, range, course, track, ring"
1029;色;6;4;ショク、シキ、いろ;color
1031;食;9;5;ショク、[ジキ]、く-う、く-らう、た-べる;"food, provisions; eating, meal; appetite"
1038;職;18;3;ショク;"employment, work, job, office"
1041;心;4;4;シン、こころ;"heart, mind, spirit; motive, sense (of duty); padding; wick; core; marrow; vitality "
1042;申;5;3;シン、もう-す;"have the honor to; say, tell, talk, speak, declare; call, term, name"
1046;身;7;3;シン、み;"body; person; the quick; one's station in life; self; heart, soul, mind; ability; flesh, meat; life; blade; container; garment width "
1049;信;9;3;シン;"truth; faith, fidelity, sincerity; trust, confidence, reliance "
1051;神;9;3;シン、ジン、かみ、[かん]、[こう];"god, deity; mind, soul"
1056;真;10;4;シン、ま;"truth; reality; genuineness; Buddhist sect originating in the thirteenth century"
1058;深;11;3;シン、ふか-い、ふか-まる、ふか-める;deep
1060;進;11;3;シン、すす-む、すす-める;advancing
1063;寝;13;3;シン、ね-る、ね-かす;"sleeping; resting; bed"
1065;新;13;4;シン、あたら-しい、あら-た、にい;"newness, novelty. new, modern, novel, fresh, neo-"
1069;親;16;4;シン、おや、した-しい、した-しむ;"intimacy; parents; relative"
1070;人;2;5;ジン、ニン、ひと;"man, person, people"
1080;図;7;4;ズ、ト、はか-る;"drawing, plan, figure, cut, chart, diagram, illustration, graph"
1081;水;4;5;スイ、みず;"water; ice water; Wednesday"
1082;吹;7;3;スイ、ふ-く;"breathe, blow; play (a wind instrument); emit; smelt; mint; brag "
1097;数;13;3;スウ、[ス]、かず、かぞ-える;"strength; fate; law; numbers, figures; numerical"
1105;世;5;4;セイ、セ、よ;"generation; world. age, counter for kings of the same name"
1106;正;5;4;セイ、ショウ、ただ-しい、ただ-す、まさ;"right, righteousness, justice; original; plus, positive; genuine. just; punctual; senior. Regular"
1107;生;5;5;セイ、ショウ、い-きる、い-かす、い-ける、う-まれる、う-む、お-う、は-える、は-やす、き、なま;"birth; life, existence, living; subsistence; student "
1108;成;6;3;セイ、[ジョウ]、な-る、な-す;"become, get or grow (old), form (a part of); set in, come (time or seasons); turn into; be reduced to; consist of; be accomplished; result in; prove (fatal); amount to; play the part of; elapse; reach (a certain age); bear, stand; be promoted; be pleased to "
1109;西;6;5;セイ、サイ、にし;west
1110;声;7;3;セイ、[ショウ]、こえ、[こわ];"voice; tone; alarm, cry; (bird) song, chirp"
1111;制;8;3;セイ;"system, organization; imperial command; laws, regulation. control, govern, suppress, restrain, hold back; establish "
1114;性;8;3;セイ、ショウ;"sex, gender; nature, attribute. deposition; quality; purity"
1115;青;8;4;セイ、[ショウ]、あお、あお-い;"blue, green; green light"
1117;政;9;3;セイ、[ショウ]、まつりごと;"government, rule"
1126;晴;12;3;セイ、は-れる、は-らす;"clear up, (doubts) vanish, be refreshed"
1130;精;14;3;セイ、[ショウ];"spirit, ghost, fairy; energy, vitality; white rice; details; excellence; purity; skill "
1133;静;14;3;セイ、[ジョウ]、しず、しず-か、しず-まる、しず-める;"quiet, peace, inactivity"
1138;夕;3;4;セキ、ゆう;evening
1140;石;5;3;セキ、[シャク]、[コク]、いし;"stone, pebble, rock; jewel; the go playing stones. 4.96 bushels; 10 cubic feet (of lumber)"
1141;赤;7;4;セキ、[シャク]、あか、あか-い、あか-らむ、あか-らめる;"red, crimson, scarlet"
1142;昔;8;3;セキ、[シャク]、むかし;"antiquity, old times"
1144;席;10;3;セキ;"seat; mat; a place, room, occasion"
1149;責;11;3;セキ、せ-める;"condemn, blame, censure, criticize, take to task; torture, persecute; urge, tease (to do something) "
1151;積;16;3;セキ、つ-む、つ-もる;"product (in math); acreage, contents, measurement"
1154;切;4;4;セツ、[サイ]、き-る、き-れる;"cut, chop, hash; carve; saw; clip, shear; slice, strip; fell, cut down; punch; sever (connections); pause, break off; disconnect, turn off; hang up; cross (a street); discount, sell below cost; shake (water) off"
1155;折;7;3;セツ、お-る、おり、お-れる;"break, snap, fracture, knock out (teeth); fold, turn down; bend; make (a paper toy); yield (oneself), give in"
1160;雪;11;3;セツ、ゆき;"snow, snowfall"
1163;説;14;3;セツ、[ゼイ]、と-く;"opinion, view, assertion; comment; theory; rumor, report; version  "
1165;絶;12;3;ゼツ、た-える、た-やす、た-つ;"be beyond (words)"
1166;千;3;5;セン、ち;"thousand, many"
1167;川;3;5;セン、かわ;"river, stream, brook"
1170;先;6;5;セン、さき;"the future; priority, precedence"
1175;洗;9;3;セン、あら-う;"wash; inquire into, probe "
1180;船;11;3;セン、ふね、[ふな];ship
1181;戦;13;3;セン、いくさ、たたか-う;"war; battle; game, match"
1192;選;15;3;セン、えら-ぶ;"selection, choice"
1196;全;6;3;ゼン、まった-く、すべ-て;all
1197;前;9;5;ゼン、まえ;before
1199;然;12;3;ゼン、ネン;"to decree"
1206;祖;9;3;ソ;"ancestor, founder, originator, pioneer"
1211;組;11;3;ソ、く-む、くみ;"take part in; be implicated in; side with; support"
1219;早;6;4;ソウ、[サッ]、はや-い、はや-まる、はや-める;"quick, fast, speedy; brisk, prompt; early; premature"
1220;争;6;3;ソウ、あらそ-う;"dispute, argue; be at variance; compete"
1221;走;7;4;ソウ、はし-る;"run, rush, flee; turn to, become; go to excess"
1223;相;9;3;ソウ、ショウ、あい;"aspect, phase, physiognomy. minister of state, councilor"
1225;草;9;3;ソウ、くさ;"grass; grass hand (writing); weeds; herbs, plants, pasture"
1226;送;9;4;ソウ、おく-る;sending
1236;窓;11;3;ソウ、まど;window
1243;想;13;3;ソウ、[ソ];"idea, conception, thought"
1256;増;14;3;ゾウ、ま-す、ふ-える、ふ-やす;increase
1262;束;7;3;ソク、たば;"bundle, sheaf, ream (of paper)"
1263;足;7;4;ソク、あし、た-りる、た-る、た-す;"foot; leg; counter for pairs of footwear"
1266;息;10;3;ソク、いき;"son; interest (on money)"
1268;速;10;3;ソク、はや-い、はや-める、はや-まる、すみ-やか;"speedy, prompt, swift"
1269;側;11;3;ソク、がわ;"lean to one side, oppose, look aside, regret"
1272;族;11;4;ゾク;"family, relatives, clan, tribe, race"
1275;続;13;3;ゾク、つづ-く、つづ-ける;"continuation, second series"
1278;存;6;3;ソン、ゾン;"know, be aware of, be acquainted with; think, believe, feel"
1284;他;5;3;タ、ほか;"another, the other, others, another thing; the rest; another place"
1285;多;6;4;タ、おお-い;much
1287;打;5;3;ダ、う-つ;striking
1293;太;4;3;タイ、タ、ふと-い、ふと-る;"get fat, gain, fill out"
1294;対;7;3;タイ、ツイ;"the opposite; antonym; even, equal; versus; (score of three) to (one); counter-, anti-, versus. pair, couple, set "
1295;体;7;4;タイ、テイ、からだ;"the body; substance, object; reality; style, form; image counter. appearance, air; condition, state"
1297;待;9;4;タイ、ま-つ;waiting
1300;退;9;3;タイ、しりぞ-く、しりぞ-ける;"retreat, withdraw; retire, resign"
1307;貸;12;4;タイ、か-す;"lend; hire out, rent, lease; give credit to "
1312;大;3;5;ダイ、タイ、おお、おお-きい、おお-いに;"large, huge, grand; the greater; size; very; inveterate (smoker); severe (damage); success"
1313;代;5;4;ダイ、タイ、か-わる、か-える、よ、しろ;"period, age, generation; charge, rate, fee, cost, price"
1314;台;5;4;ダイ、タイ;"stand, pedestal, rack, table, dais, bench, block; holder, support; mounting, setting"
1316;題;18;4;ダイ;"subject, theme, topic; title, caption, heading; question, problem"
1318;宅;6;3;タク;"home, house, residence; our home; my husband"
1328;達;12;3;タツ;"reach, arrive at, attain; amount to; become expert, be versed in; accomplish; notify"
1336;単;9;3;タン;"one, single, simple, singular, individual"
1339;探;11;3;タン、さぐ-る、さが-す;"search, look for; explore; spy upon, sound out; probe (a wound)"
1348;男;7;5;ダン、ナン、おとこ;"man, male; baron. counter for sons"
1349;段;9;3;ダン;"steps, stair, flight of stairs; column; paragraph; act, scene; case, question; grade, class, rank, level; degree, extent "
1350;断;11;3;ダン、た-つ、ことわ-る;"decision, judgment; cutting"
1353;談;15;3;ダン;"conversation, talk"
1355;地;6;4;チ、ジ;"earth, land, ground, the surface of the earth; soil; place, region; territory; room, space; position; site; foundation. texture, weave, fabric; field (of a flag); disposition; respectability; accompaniment; narrative part; fact"
1357;知;8;4;チ、し-る;"know, acquaintance, sense"
1358;値;10;3;チ、ね、あたい;"price, cost, value"
1359;恥;10;3;チ、は-じる、はじ、は-じらう、は-ずかしい;"shame, dishonor, disgrace, humiliation, insult "
1361;遅;12;3;チ、おく-れる、おく-らす、おそ-い;"be late, be delayed, be overdue; lag behind; (clocks) lose"
1364;置;13;3;チ、お-く;"place, put, set, deposit, lay; leave behind; keep, have, leave; establish; employ; appoint; post, station; pawn; skip (one day). be formed (dew)"
1373;茶;9;4;チャ、サ;"tea; tea plant; tea leaves, light brown"
1374;着;12;4;チャク、[ジャク]、き-る、き-せる、つ-く、つ-ける;"arrival, finish (in a race); race counter "
1376;中;4;5;チュウ、[ジュウ]、なか;"center, middle; middle (course); (golden) mean; medium, mediocrity, average; second volume (of three) "
1383;注;8;4;チュウ、そそ-ぐ;"notes, comment; N.B."
1384;昼;9;4;チュウ、ひる;"daytime, midday"
1396;町;7;4;チョウ、まち;"town; block; street; 2.45 acres; 119 yards"
1397;長;8;5;チョウ、なが-い;"head, chief, headman, commander, director, manager; merit, forte, advantage; superiority; length "
1404;頂;11;3;チョウ、いただ-く、いただき;"head; top of the head; top, summit, peak; spire "
1405;鳥;11;4;チョウ、とり;bird
1406;朝;12;4;チョウ、あさ;"dynasty; reign, regime; period, epoch; the court "
1415;調;15;3;チョウ、しら-べる、ととの-う、ととの-える;"tune, tone, meter; key (in music); style of writing; tax in kind "
1418;直;8;3;チョク、ジキ、ただ-ちに、なお-す、なお-る;"honesty, frankness; simplicity; correctness; being straight; night duty "
1427;追;9;3;ツイ、お-う;"drive away; chase; drive (cattle); follow, persue (pleasure)"
1430;通;10;4;ツウ、[ツ]、とお-る、とお-す、かよ-う;"pass; expert"
1431;痛;12;3;ツウ、いた-い、いた-む、いた-める;pain
1440;弟;7;4;テイ、[ダイ]、[デ]、おとうと;"younger brother, faithful service to those older; brotherly affection"
1441;定;8;3;テイ、ジョウ、さだ-める、さだ-まる、さだ-か;"deciding. be decided, be settled, quiet down"
1449;庭;10;3;テイ、にわ;"yard, courtyard, garden"
1455;程;12;3;テイ、ほど;"degree; law; formula; distance"
1460;的;8;4;テキ、まと;"mark, target; object; the point. adjective ending"
1464;適;14;3;テキ;suitable
1472;天;4;5;テン、あめ、[あま];"sky, air, heavens, celestial sphere, firmament; heaven, Providence, God, Nature; destiny; weather; top; beginning "
1474;店;8;4;テン、みせ;"shop, store"
1475;点;9;3;テン;"point; mark; score, run; speck; stain; defect; a detail; standpoint; items, pieces; decimal point; vote"
1478;転;11;4;テン、ころ-がる、ころ-げる、ころ-がす、ころ-ぶ;"turn, remove, change"
1480;田;5;4;デン、た;"rice field, paddy field"
1481;伝;6;3;デン、つた-わる、つた-える、つた-う;"legend, tradition; life, biography; commentary; communicating "
1483;電;13;5;デン;electricity
1487;徒;10;3;ト;"party, set, gang, companions; people"
1488;途;10;3;ト;"way, road"
1489;都;11;3;ト、ツ、みやこ;"capital, metropolis"
1490;渡;12;3;ト、わた-る、わた-す;"cross, ford, ferry; be imported; change hands; make one's way through life; sweep across; migrate; be provided "
1493;土;3;5;ド、ト、つち;"earth, ground; Saturday; Turkey"
1495;努;7;3;ド、つと-める;"serve, fill a post, serve under; exert oneself, endeavor, work, be diligent; play (the part of) "
1496;度;9;4;ド、[ト]、[タク]、たび;"degree; extent, measure, limit; a time; graduation, scale; composure. save, redeem, reclaim "
1497;怒;9;3;ド、いか-る、おこ-る;"become angry, be offended, become excited "
1499;冬;5;4;トウ、ふゆ;winter
1501;当;6;3;トウ、あ-たる、あ-てる;"right, appropriateness, fairness; himself; itself; at the time "
1502;投;7;3;トウ、な-げる;throw
1504;東;8;5;トウ、ひがし;east
1505;到;8;3;トウ;"go, proceed, come; arrive, reach, attain; result in, lead to "
1506;逃;9;3;トウ、に-げる、に-がす、のが-す、のが-れる;"flee, run away, escape; shirk, evade, back out "
1507;倒;10;3;トウ、たお-れる、たお-す;"fall, collapse, drop; break down, die, succumb to; fall senseless; be ruined; have a bad debt "
1516;盗;11;3;トウ、ぬす-む;thief
1523;登;12;3;トウ、ト、のぼ-る;"rise, ascend, go up, climb; go to (the capital); add up to; be promoted; advance (in price); sail up; come up (on the agenda) "
1524;答;12;4;トウ、こた-える、こた-え;answer
1525;等;12;3;トウ、ひと-しい;"class, grade, degree"
1531;頭;16;3;トウ、ズ、[ト]、あたま、かしら;"head, counter for large mammals"
1536;同;6;4;ドウ、おな-じ;"the same, the said, ibid"
1539;動;11;4;ドウ、うご-く、うご-かす;"motion; change; confusion"
1540;堂;11;4;ドウ;"temple; shrine; hall; reception room; firm; state chamber. shop, store"
1542;道;12;4;ドウ、[トウ]、みち;"district, province, prefecture; road  "
1543;働;13;3;ドウ、はたら-く;"work, labor; do, act, commit, practice; work on; come into play; be conjugated; reduce the price "
1549;特;10;4;トク;special
1550;得;11;3;トク、え-る、う-る;"profit, advantage, benefit"
1556;読;14;5;ドク、トク、[トウ]、よ-む;reading
1559;突;8;3;トツ、つ-く;"protruding, thrusting"
1570;内;4;3;ナイ、[ダイ]、うち;"inside, interior, within, between, among. within, within the scope of "
1574;南;9;5;ナン、[ナ]、みなみ;south
1576;難;18;3;ナン、かた-い、むずか-しい;"trouble, difficulty; accident, disaster; defect; criticism "
1577;二;2;5;ニ、ふた、ふた-つ;"two, second"
1581;肉;6;4;ニク;"flesh, muscles; meat; the flesh; seal pad, ink pad; thickness, succulence "
1583;日;4;5;ニチ、ジツ、ひ、か;"day; Sunday"
1584;入;2;5;ニュウ、い-る、い-れる、はい-る;"go in, come in; flow into; set; set in "
1587;任;6;3;ニン、まか-せる、まか-す;"duty, responsibility; office; mission; term "
1590;認;14;3;ニン、みと-める;"witness; sight; discern, authorize, recognize; appreciate; approve of; judge, conclude; believe; regard as "
1592;熱;15;3;ネツ、あつ-い;"heat, warmth; temperature; fever; mania, fad; enthusiasm; passion "
1593;年;6;5;ネン、とし;"year; term of service"
1594;念;8;3;ネン;"sense, idea, thought; feeling; desire; concern, attention, care "
1600;能;10;3;ノウ;"ability, talent, skill, capacity; noh play, classical drama"
1607;破;10;3;ハ、やぶ-る、やぶ-れる;"tear, rip, rend; break, crush, destroy; violate, transgress; defeat; baffle, frustrate "
1609;馬;10;3;バ、うま、[ま];horse
1613;杯;8;3;ハイ、さかずき;"cup, glass; toast, congratulatory cup; counter for cupfuls "
1614;背;9;3;ハイ、せ、せい、そむ-く、そむ-ける;"back, behind"
1617;配;10;3;ハイ、くば-る;"distribute; spouse; exile; rationing"
1619;敗;11;3;ハイ、やぶ-れる;"defeat, reversal"
1622;売;7;4;バイ、う-る、う-れる;selling
1628;買;12;4;バイ、か-う;buying
1630;白;5;5;ハク、ビャク、しろ、[しら]、しろ-い;white
1643;箱;15;3;はこ;-
1647;八;2;5;ハチ、や、や-つ、やっ-つ、[よう];eight
1649;発;9;4;ハツ、ホツ;"departure; discharge (of a gun)"
1650;髪;14;3;ハツ、かみ;"the hair"
1652;抜;7;3;バツ、ぬ-く、ぬ-ける、ぬ-かす、ぬ-かる;"extract, unlock, pull out; root up; unsheathe; pilfer; quote; remove; omit; capture; outrun; shoot through"
1655;反;4;3;ハン、[ホン]、[タン]、そ-る、そ-らす;"antithesis, opposite, antagonism; anti-. roll of cloth (c. 10yds.); .245 acres, 300 tsubo"
1656;半;5;5;ハン、なか-ば;"half; odd number; semi-, hemi-, demi-"
1658;犯;5;3;ハン、おか-す;"offense, crime; counter for criminal offenses "
1662;判;7;3;ハン、バン;"stamp, seal; a monogram signature; judgment"
1664;阪;7;3;ハン;slope
1672;飯;12;4;ハン、めし;"cooked rice; meal; food"
1679;晩;12;3;バン;"evening, night; the end of all things; late"
1680;番;12;3;バン;"watch, guard; duty; number; order; size, game, round, turn, bout"
1686;否;7;3;ヒ、いな;"no, noes"
1688;彼;8;3;ヒ、かれ、[かの];"he; that"
1691;非;8;3;ヒ;"mistake; misdeed; injustice; wrong; non-, un-, anti-"
1693;飛;9;3;ヒ、と-ぶ、と-ばす;"fly; skip (pages)"
1694;疲;10;3;ヒ、つか-れる;"get tired, grow weary "
1697;悲;12;3;ヒ、かな-しい、かな-しむ;"grieve, be sad, deplore, mourn for, regret "
1699;費;12;3;ヒ、つい-やす、つい-える;"expenses, cost"
1705;美;9;3;ビ、うつく-しい;"beauty, grace, charm"
1706;備;12;3;ビ、そな-える、そな-わる;"be furnished with, be endowed with, possess; be among, be one of "
1712;必;5;3;ヒツ、かなら-ず;certainly
1716;百;6;5;ヒャク;"hundred; a great number; all"
1718;表;8;3;ヒョウ、おもて、あらわ-す、あらわ-れる;"table, schedule, diagram, chart, list "
1726;病;10;4;ビョウ、[ヘイ]、や-む、やまい;"get sick, be sick, suffer from "
1728;猫;11;3;ビョウ、ねこ;cat
1729;品;9;4;ヒン、しな;"refinement, dignity; article "
1731;貧;11;3;ヒン、ビン、まず-しい;poverty
1736;不;4;4;フ、ブ;"negation; bad; clumsy; ugly"
1737;夫;4;3;フ、[フウ]、おっと;"husband; man"
1738;父;4;5;フ、ちち;father
1739;付;5;3;フ、つ-ける、つ-く;"give to, submit to, refer to; affix, attach, append "
1743;怖;8;3;フ、こわ-い;"fear, be frightened; be timid; get nervous "
1747;負;9;3;フ、ま-ける、ま-かす、お-う;"negative, minus; minus sign "
1749;浮;10;3;フ、う-く、う-かれる、う-かぶ、う-かべる;"float, be floated, rise to the surface; be cheered up; be set on edge, feel loose (teeth); be left over, be saved "
1750;婦;11;3;フ;"woman; wife; bride"
1752;富;12;3;フ、[フウ]、と-む、とみ;enrich
1761;部;11;3;ブ;"department, bureau, section; faculty; division, class, category; part, portion, region; copy, volume, set"
1762;舞;15;3;ブ、ま-う、まい;"dance; flutter about, flit; circle, wheel "
1764;風;9;4;フウ、[フ]、かぜ、[かざ];"wind; air, look, appearance, bearing, mien, deportment; manners, custom; trend, tone, tendency; way, fashion, manner; style, type; disposition, turn of mind; kind; vein; state, condition "
1766;服;8;4;フク;"dress, costume, clothes, garment, suit, uniform"
1770;福;13;3;フク;"fortune, blessing, luck, wealth; food which has been offered to gods"
1771;腹;13;3;フク、はら;"belly, stomach "
1774;払;5;3;フツ、はら-う;"clear out, sweep away, wipe off, brush off, drive away, banish; prune; parry; pay; dispose of; wield (a sword) sideways; show interest in "
1777;物;8;4;ブツ、モツ、もの;"thing, object, matter; somebody, something, success; reason "
1785;分;4;5;ブン、フン、ブ、わ-ける、わ-かれる、わ-かる、わ-かつ;"dividing; part, segment; share; ration; rate; degree; one's lot, one's status; relation; duty; kind, lot. a minute of time; one-sixtieth of a degree; one-tenth of a momme. rate, part, percentage; one percent; thickness; odds; chance of winning; one-tenth of a shaku; one quarter of a ryo "
1786;文;4;4;ブン、モン、ふみ;"1/100 of a hyakume; crest; figures. literary text, production, composition; sentence; style; literature, art; the pen; civil affairs; decoration; characters; elegance "
1787;聞;14;5;ブン、モン、き-く、き-こえる;"hear, listen to; learn of; inquire; follow advice "
1789;平;5;3;ヘイ、ビョウ、たい-ら、ひら;"level, peaceful"
1795;閉;11;3;ヘイ、と-じる、と-ざす、し-める、し-まる;"shut, close"
1801;米;6;3;ベイ、マイ、こめ;"rice, U.S.A."
1805;別;7;4;ベツ、わか-れる;"divide, split, separate; isolate; distribute, share; distinguish; spare "
1809;返;7;3;ヘン、かえ-す、かえ-る;answer
1810;変;9;3;ヘン、か-わる、か-える;"change; accident, calamity; uprising; something strange "
1815;便;9;3;ベン、ビン、たよ-り;"convenience, facility; excreta, stools; evacuation. chance; mail, letter "
1816;勉;10;4;ベン;"serve, fill a post, serve under; exert oneself, endeavor, work, be diligent; play (the part of) "
1817;歩;8;4;ホ、ブ、[フ]、ある-く、あゆ-む;"step, pace; foot soldier. rate, six feet square, tsubo; change of winning. pawn (in Japanese chess) "
1820;捕;10;3;ホ、と-らえる、と-らわれる、と-る、つか-まえる、つか-まる;"catch, arrest, capture "
1823;母;5;5;ボ、はは;"mother; cause; motive"
1827;暮;14;3;ボ、く-れる、く-らす;"live, make a living; spend (one's time) "
1829;方;4;4;ホウ、かた;"direction, way; side; part; square; way, method, means, scheme, process "
1835;抱;8;3;ホウ、だ-く、いだ-く、かか-える;"hug, embrace, hold in the arms; sit (on eggs) "
1836;放;8;3;ホウ、はな-す、はな-つ、はな-れる、ほう-る;"set free, release, fire, shoot; circulate (rumors); emit, give out; set fire to; banish "
1837;法;8;3;ホウ、[ハッ]、[ホッ];"law, rule, principle; legislation, regulation; code; method, way, model, manner, system, process, art, technique; rites, religion, doctrine; reason; mood (of verbs) "
1845;訪;11;3;ホウ、おとず-れる、たず-ねる;"visit, call on"
1846;報;12;3;ホウ、むく-いる;"news, report; reward, retribution "
1852;亡;3;3;ボウ、[モウ]、な-い;"my late, the late; dying; being destroyed "
1854;忙;6;3;ボウ、いそが-しい;"busy, occupied"
1857;忘;7;3;ボウ、わす-れる;"forget; be forgetful of; forget about; forget (an article)"
1865;望;11;3;ボウ、モウ、のぞ-む;"full moon; hope"
1875;北;5;5;ホク、きた;north
1876;木;4;5;ボク、モク、き、[こ];"tree, Thursday"
1886;本;5;5;ホン、もと;"book; this, the same, the present, the current; main; true; real; regular, normal; counter for long things "
1895;毎;6;5;マイ;"each, every, at an interval of, whenever. Apiece"
1896;妹;8;4;マイ、いもうと;"younger sister"
1904;末;5;3;マツ、バツ、すえ;"end; powder"
1906;万;3;5;マン、バン;"ten thousand; myriad. fully; if by any chance"
1907;満;12;3;マン、み-ちる、み-たす;"fullness, enough; pride. full, fully, fulfillment; a full (year); a full (five years) "
1910;未;5;3;ミ;"not yet. un-, not"
1911;味;8;4;ミ、あじ、あじ-わう;"taste, flavor, dash; touch, tinge; counter for foods and drinks  "
1918;民;5;3;ミン、たみ;"people, nation, subjects"
1919;眠;10;3;ミン、ねむ-る、ねむ-い;sleep
1921;務;11;3;ム、つと-める、つと-まる;"serve, fill a post, serve under; exert oneself, endeavor, work, be diligent; play (the part of) "
1923;夢;13;3;ム、ゆめ;"dream, vision; illusion, delusion; reverie"
1925;娘;10;3;むすめ;-
1926;名;6;5;メイ、ミョウ、な;"distinguished, noted, wise, name"
1927;命;8;3;メイ、ミョウ、いのち;"command, decree; destiny, life, "
1928;明;8;4;メイ、ミョウ、あ-かり、あか-るい、あか-るむ、あか-らむ、あき-らか、あ-ける、あ-く、あ-くる、あ-かす;"clearness, shining; eyesight; discernment. next (week), tomorrow (morning) "
1929;迷;9;3;メイ、まよ-う;"be perplexed, be in doubt, hesitate, vacillate, go astray, err; be tempted; be infatuated; be misguided"
1933;鳴;14;3;メイ、な-く、な-る、な-らす;"(animals and birds) cry, bark, chirp, etc, "
1936;面;9;3;メン、おも、おもて、つら;"face features; mask, face guard; surface; plane; side, facet; aspect, phase, corner (of a board); page "
1947;目;5;4;モク、[ボク]、め、[ま];"item, division, class; order (of plants or animals)"
1951;問;11;4;モン、と-う、と-い、[とん];"question, problem, subject, discussion "
1953;夜;8;4;ヤ、よ、よる;night
1954;野;11;4;ヤ、の;"field, plain; the Opposition; civilian life; rustic"
1957;役;7;3;ヤク、エキ;"war, campaign, battle, expedition; exacted unpaid labor. office, post, position, appointment, duty; role; use, service, help "
1958;約;9;3;ヤク;"promise, vow; approximately; abridgment"
1960;薬;16;3;ヤク、くすり;medicine
1963;由;5;3;ユ、ユウ、[ユイ]、よし;"depend on"
1971;友;4;5;ユウ、とも;"friend, companion, pal"
1972;有;6;4;ユウ、ウ、あ-る;"possession. being, existence "
1980;遊;12;3;ユウ、[ユ]、あそ-ぶ;"play; enjoy oneself; visit; take a holiday; be out of use, be unemployed, be idle; study under; go on a spree"
1985;優;17;3;ユウ、やさ-しい、すぐ-れる;"actor; superiority; gentleness"
1986;与;3;3;ヨ、あた-える;"give, award, impart, provide, allot, cause (pain or damage) "
1987;予;4;3;ヨ;"I, myself, the writer"
1988;余;7;3;ヨ、あま-る、あま-す;"I, myself, the writer; surplus, other; remainder. over, more than"
1992;用;5;4;ヨウ、もち-いる;"business, work; function; errand; engagement; use, service; expenses; call of nature. for, used for "
1995;洋;9;4;ヨウ;"ocean, sea, channel. foreign, Western, European"
1996;要;9;3;ヨウ、かなめ、い-る;"main point, essence; aim; secret; need"
1997;容;10;3;ヨウ;"form; looks"
2001;葉;12;3;ヨウ、は;"leaf; plane; lobe; counter for flat things"
2002;陽;12;3;ヨウ;"young principle, positive; male; heaven; daytime; sun; top; movement; facing the sun; sunshine; south face of a mountain; north side of a river; pride; positive electrode "
2005;様;14;3;ヨウ、さま;"way, manner, method; kind, class; (to that) effect "
2012;曜;18;4;ヨウ;"day of the week; light; shining"
2016;欲;11;3;ヨク、ほっ-する、ほ-しい;"covetousness; greed, passion, desire, craving, appetite "
2022;来;7;5;ライ、く-る、きた-る、きた-す;"come. since (last month); for (ten days). next (year)"
2024;頼;16;3;ライ、たの-む、たの-もしい、たよ-る;"ask, request, entreat, appeal; entrust to, commission; employ, call in; depend on, have recourse to, trust in "
2026;落;12;3;ラク、お-ちる、お-とす;"fall, drop, come down, go down; drip; collapse, cave in; sink; fail (in exams); be missing; come off, come out; flee; lose popularity; abate; flow into; be inferior; fall unconscious; fade; be captured, be carried away by "
2036;利;7;3;リ、き-く;"advantage, benefit, gain; interest; victory"
2038;理;11;4;リ;"reason, justice, truth, principle"
2045;立;5;4;リツ、[リュウ]、た-つ、た-てる;standing
2050;流;10;3;リュウ、[ル]、なが-れる、なが-す;"current; counter for flags"
2051;留;10;3;リュウ、[ル]、と-める、と-まる;"stop, halt, stand still, pull up; cease, be interrupted, be discontinued; be choked; alight on, perch, roost; be held in position "
2057;旅;10;4;リョ、たび;"journey; go around"
2061;両;6;3;リョウ;"old Japanese coin; both; two; vehicle counter"
2062;良;7;3;リョウ、よ-い;"good, fine"
2063;料;10;4;リョウ;"charge, rate, fee; allowance; materials; measuring"
2074;力;2;4;リョク、リキ、ちから;"strain, bear up, exert one's strength; swagger, bluff, boast. strength. power"
2086;類;18;3;ルイ、たぐ-い;"kind, variety, class, genus; description; parallel case, an equal. resembling"
2088;礼;5;3;レイ、ライ;"salutation, salute, bow, courtesy, propriety, ceremony, thanks, appreciation, remuneration, return present "
2089;冷;7;3;レイ、つめ-たい、ひ-える、ひ-や、ひ-やす、ひ-やかす、さ-める、さ-ます;"cold, cool "
2091;戻;7;3;レイ、もど-す、もど-る;"return, turn back; revert to, resume, return to; be returned; go backward "
2092;例;8;3;レイ、たと-える;"custom, usage, precedent; case, example, parallel, illustration "
2101;列;6;3;レツ;"row, rank, tier, file, column, line; procession; queue "
2106;連;10;3;レン、つら-なる、つら-ねる、つ-れる;"ream; set; party, company, gang, clique; series counter "
2113;路;13;3;ロ、じ;"road, route, path"
2115;老;6;3;ロウ、お-いる、ふ-ける;"aging, old age, old people"
2116;労;7;3;ロウ;"labor, toil, trouble"
2125;六;4;5;ロク、む、む-つ、むっ-つ、[むい];six
2128;論;15;3;ロン;"argument; discourse"
2129;和;8;3;ワ、[オ]、やわ-らぐ、やわ-らげる、なご-む、なご-やか;"sum; peace, harmony, reconciliation, unity "
2130;話;13;5;ワ、はな-す、はなし;"talk, speak, converse; tell; explain "
